Name,age_gyr,age_gyr_p16,age_gyr_p84,fit_ok,error
11 Com,,,,False,name 'pymultinest' is not defined
11 UMi,,,,False,name 'pymultinest' is not defined
14 And,,,,False,name 'pymultinest' is not defined
14 Her,,,,False,name 'pymultinest' is not defined
16 Cyg B,,,,False,name 'pymultinest' is not defined
18 Del,,,,False,name 'pymultinest' is not defined
24 Sex,,,,False,name 'pymultinest' is not defined
30 Ari B,,,,False,name 'pymultinest' is not defined
38 Vir,,,,False,name 'pymultinest' is not defined
4 Uma,,,,False,name 'pymultinest' is not defined
47 Uma,,,,False,name 'pymultinest' is not defined
51 Peg,,,,False,name 'pymultinest' is not defined
55 Cnc,,,,False,name 'pymultinest' is not defined
6 Lyn,,,,False,name 'pymultinest' is not defined
61 Vir,,,,False,name 'pymultinest' is not defined
7 CMA,,,,False,name 'pymultinest' is not defined
70 Vir,,,,False,name 'pymultinest' is not defined
75 Cet,,,,False,name 'pymultinest' is not defined
8 Umi,,,,False,name 'pymultinest' is not defined
81 Cet,,,,False,name 'pymultinest' is not defined
91 Aqr,,,,False,name 'pymultinest' is not defined
alf Ari,,,,False,name 'pymultinest' is not defined
BD-06 1339,,,,False,name 'pymultinest' is not defined
BD-08 2823,,,,False,name 'pymultinest' is not defined
BD-10 3166,,,,False,name 'pymultinest' is not defined
BD-11 4672,,,,False,name 'pymultinest' is not defined
BD-17 63,,,,False,name 'pymultinest' is not defined
BD+14 4559,,,,False,name 'pymultinest' is not defined
BD+15 2375,,,,False,name 'pymultinest' is not defined
BD+15 2940,,,,False,name 'pymultinest' is not defined
BD+20 2457,,,,False,name 'pymultinest' is not defined
BD+20 274,,,,False,name 'pymultinest' is not defined
BD+20 594,,,,False,name 'pymultinest' is not defined
BD+24 4697,,,,False,name 'pymultinest' is not defined
BD+26 1888,,,,False,name 'pymultinest' is not defined
BD+48 738,,,,False,name 'pymultinest' is not defined
BD+49 828,,,,False,name 'pymultinest' is not defined
beta Cnc,,,,False,name 'pymultinest' is not defined
CoRoT-1,,,,False,name 'pymultinest' is not defined
CoRoT-10,,,,False,name 'pymultinest' is not defined
CoRoT-11,,,,False,name 'pymultinest' is not defined
CoRoT-12,,,,False,name 'pymultinest' is not defined
CoRoT-19,,,,False,name 'pymultinest' is not defined
CoRoT-2,,,,False,name 'pymultinest' is not defined
CoRoT-22,,,,False,name 'pymultinest' is not defined
CoRoT-25,,,,False,name 'pymultinest' is not defined
CoRoT-28,,,,False,name 'pymultinest' is not defined
CoRoT-3,,,,False,name 'pymultinest' is not defined
CoRoT-4,,,,False,name 'pymultinest' is not defined
CoRoT-5,,,,False,name 'pymultinest' is not defined
CoRoT-6,,,,False,name 'pymultinest' is not defined
CoRoT-7,,,,False,name 'pymultinest' is not defined
CoRoT-8,,,,False,name 'pymultinest' is not defined
CoRoT-9,,,,False,name 'pymultinest' is not defined
EPIC 201295312,,,,False,name 'pymultinest' is not defined
K2-19,,,,False,name 'pymultinest' is not defined
K2-36,,,,False,name 'pymultinest' is not defined
K2-24,,,,False,name 'pymultinest' is not defined
K2-38,,,,False,name 'pymultinest' is not defined
K2-32,,,,False,name 'pymultinest' is not defined
K2-98,,,,False,name 'pymultinest' is not defined
K2-100,,,,False,name 'pymultinest' is not defined
K2-139,,,,False,name 'pymultinest' is not defined
EPIC 219388192,,,,False,name 'pymultinest' is not defined
EPIC 220674823,,,,False,name 'pymultinest' is not defined
eps CrB,,,,False,name 'pymultinest' is not defined
eps Eridani,,,,False,name 'pymultinest' is not defined
eps Tau,,,,False,name 'pymultinest' is not defined
eta Cet,,,,False,name 'pymultinest' is not defined
gamma 1 Leo,,,,False,name 'pymultinest' is not defined
gamma Cephei A,,,,False,name 'pymultinest' is not defined
GJ 160.2,,,,False,name 'pymultinest' is not defined
GJ 3021,,,,False,name 'pymultinest' is not defined
GJ 785,,,,False,name 'pymultinest' is not defined
GJ 86,,,,False,name 'pymultinest' is not defined
HAT-P-48,,,,False,name 'pymultinest' is not defined
HAT-P-1,,,,False,name 'pymultinest' is not defined
HAT-P-11,,,,False,name 'pymultinest' is not defined
HAT-P-12,,,,False,name 'pymultinest' is not defined
HAT-P-13,,,,False,name 'pymultinest' is not defined
HAT-P-14,,,,False,name 'pymultinest' is not defined
HAT-P-15,,,,False,name 'pymultinest' is not defined
HAT-P-16,,,,False,name 'pymultinest' is not defined
HAT-P-17,,,,False,name 'pymultinest' is not defined
HAT-P-18,,,,False,name 'pymultinest' is not defined
HAT-P-2,,,,False,name 'pymultinest' is not defined
HAT-P-20,,,,False,name 'pymultinest' is not defined
HAT-P-21,,,,False,name 'pymultinest' is not defined
HAT-P-22,,,,False,name 'pymultinest' is not defined
HAT-P-23,,,,False,name 'pymultinest' is not defined
HAT-P-24,,,,False,name 'pymultinest' is not defined
HAT-P-26,,,,False,name 'pymultinest' is not defined
HAT-P-27,,,,False,name 'pymultinest' is not defined
HAT-P-29,,,,False,name 'pymultinest' is not defined
HAT-P-3,,,,False,name 'pymultinest' is not defined
HAT-P-30,,,,False,name 'pymultinest' is not defined
HAT-P-31,,,,False,name 'pymultinest' is not defined
HAT-P-33,,,,False,name 'pymultinest' is not defined
HAT-P-34,,,,False,name 'pymultinest' is not defined
HAT-P-35,,,,False,name 'pymultinest' is not defined
HAT-P-36,,,,False,name 'pymultinest' is not defined
HAT-P-39,,,,False,name 'pymultinest' is not defined
HAT-P-4,,,,False,name 'pymultinest' is not defined
HAT-P-40,,,,False,name 'pymultinest' is not defined
HAT-P-41,,,,False,name 'pymultinest' is not defined
HAT-P-42,,,,False,name 'pymultinest' is not defined
HAT-P-43,,,,False,name 'pymultinest' is not defined
HAT-P-44,,,,False,name 'pymultinest' is not defined
HAT-P-45,,,,False,name 'pymultinest' is not defined
HAT-P-46,,,,False,name 'pymultinest' is not defined
HAT-P-49,,,,False,name 'pymultinest' is not defined
HAT-P-5,,,,False,name 'pymultinest' is not defined
HAT-P-50,,,,False,name 'pymultinest' is not defined
HAT-P-51,,,,False,name 'pymultinest' is not defined
HAT-P-54,,,,False,name 'pymultinest' is not defined
HAT-P-55,,,,False,name 'pymultinest' is not defined
HAT-P-56,,,,False,name 'pymultinest' is not defined
HAT-P-6,,,,False,name 'pymultinest' is not defined
HAT-P-66,,,,False,name 'pymultinest' is not defined
HAT-P-7,,,,False,name 'pymultinest' is not defined
HAT-P-8,,,,False,name 'pymultinest' is not defined
HAT-P-9,,,,False,name 'pymultinest' is not defined
HATS-1,,,,False,name 'pymultinest' is not defined
HATS-10,,,,False,name 'pymultinest' is not defined
HATS-13,,,,False,name 'pymultinest' is not defined
HATS-14,,,,False,name 'pymultinest' is not defined
HATS-17,,,,False,name 'pymultinest' is not defined
HATS-2,,,,False,name 'pymultinest' is not defined
HATS-27,,,,False,name 'pymultinest' is not defined
HATS-3,,,,False,name 'pymultinest' is not defined
HATS-33,,,,False,name 'pymultinest' is not defined
HATS-5,,,,False,name 'pymultinest' is not defined
HD 100655,,,,False,name 'pymultinest' is not defined
HD 100777,,,,False,name 'pymultinest' is not defined
HD 10180,,,,False,name 'pymultinest' is not defined
HD 101930,,,,False,name 'pymultinest' is not defined
HD 102117,,,,False,name 'pymultinest' is not defined
HD 102195,,,,False,name 'pymultinest' is not defined
HD 102272,,,,False,name 'pymultinest' is not defined
HD 102329,,,,False,name 'pymultinest' is not defined
HD 102365 A,,,,False,name 'pymultinest' is not defined
HD 102956,,,,False,name 'pymultinest' is not defined
HD 103197,,,,False,name 'pymultinest' is not defined
HD 103720,,,,False,name 'pymultinest' is not defined
HD 103774 A,,,,False,name 'pymultinest' is not defined
HD 104067,,,,False,name 'pymultinest' is not defined
HD 10442,,,,False,name 'pymultinest' is not defined
HD 104985,,,,False,name 'pymultinest' is not defined
HD 106252,,,,False,name 'pymultinest' is not defined
HD 106270,,,,False,name 'pymultinest' is not defined
HD 106315,,,,False,name 'pymultinest' is not defined
HD 10647,,,,False,name 'pymultinest' is not defined
HD 106515 A,,,,False,name 'pymultinest' is not defined
HD 10697,,,,False,name 'pymultinest' is not defined
HD 107148,,,,False,name 'pymultinest' is not defined
HD 108147,,,,False,name 'pymultinest' is not defined
HD 108341 A,,,,False,name 'pymultinest' is not defined
HD 108863,,,,False,name 'pymultinest' is not defined
HD 108874,,,,False,name 'pymultinest' is not defined
HD 109246,,,,False,name 'pymultinest' is not defined
HD 109271,,,,False,name 'pymultinest' is not defined
HD 109749,,,,False,name 'pymultinest' is not defined
HD 110014,,,,False,name 'pymultinest' is not defined
HD 111232,,,,False,name 'pymultinest' is not defined
HD 113337,,,,False,name 'pymultinest' is not defined
HD 113538,,,,False,name 'pymultinest' is not defined
HD 114386,,,,False,name 'pymultinest' is not defined
HD 114613,,,,False,name 'pymultinest' is not defined
HD 114729 A,,,,False,name 'pymultinest' is not defined
HD 114783,,,,False,name 'pymultinest' is not defined
HD 11506,,,,False,name 'pymultinest' is not defined
HD 116029 A,,,,False,name 'pymultinest' is not defined
HD 117207,,,,False,name 'pymultinest' is not defined
HD 117618,,,,False,name 'pymultinest' is not defined
HD 118203,,,,False,name 'pymultinest' is not defined
HD 119445,,,,False,name 'pymultinest' is not defined
HD 11964,,,,False,name 'pymultinest' is not defined
HD 11977,,,,False,name 'pymultinest' is not defined
HD 120084,,,,False,name 'pymultinest' is not defined
HD 121504,,,,False,name 'pymultinest' is not defined
HD 122562,,,,False,name 'pymultinest' is not defined
HD 12484,,,,False,name 'pymultinest' is not defined
HD 125595,,,,False,name 'pymultinest' is not defined
HD 125612,,,,False,name 'pymultinest' is not defined
HD 12648,,,,False,name 'pymultinest' is not defined
HD 126525,,,,False,name 'pymultinest' is not defined
HD 12661,,,,False,name 'pymultinest' is not defined
HD 126614 A,,,,False,name 'pymultinest' is not defined
HD 128311,,,,False,name 'pymultinest' is not defined
HD 128356,,,,False,name 'pymultinest' is not defined
HD 129445,,,,False,name 'pymultinest' is not defined
HD 130322,,,,False,name 'pymultinest' is not defined
HD 131496,,,,False,name 'pymultinest' is not defined
HD 13189,,,,False,name 'pymultinest' is not defined
HD 132406,,,,False,name 'pymultinest' is not defined
HD 132563 B,,,,False,name 'pymultinest' is not defined
HD 133131 A,,,,False,name 'pymultinest' is not defined
HD 133131 B,,,,False,name 'pymultinest' is not defined
HD 134060,,,,False,name 'pymultinest' is not defined
HD 134113,,,,False,name 'pymultinest' is not defined
HD 134606,,,,False,name 'pymultinest' is not defined
HD 134987,,,,False,name 'pymultinest' is not defined
HD 136352,,,,False,name 'pymultinest' is not defined
HD 136418,,,,False,name 'pymultinest' is not defined
HD 137388,,,,False,name 'pymultinest' is not defined
HD 13808,,,,False,name 'pymultinest' is not defined
HD 13908,,,,False,name 'pymultinest' is not defined
HD 13931,,,,False,name 'pymultinest' is not defined
HD 139357,,,,False,name 'pymultinest' is not defined
HD 14067,,,,False,name 'pymultinest' is not defined
HD 141399,,,,False,name 'pymultinest' is not defined
HD 141937,,,,False,name 'pymultinest' is not defined
HD 142 A,,,,False,name 'pymultinest' is not defined
HD 142022 A,,,,False,name 'pymultinest' is not defined
HD 142245 A,,,,False,name 'pymultinest' is not defined
HD 142415,,,,False,name 'pymultinest' is not defined
HD 143105,,,,False,name 'pymultinest' is not defined
HD 143361,,,,False,name 'pymultinest' is not defined
rho Crb,,,,False,name 'pymultinest' is not defined
HD 145377,,,,False,name 'pymultinest' is not defined
HD 145457,,,,False,name 'pymultinest' is not defined
HD 1461,,,,False,name 'pymultinest' is not defined
HD 147018,,,,False,name 'pymultinest' is not defined
HD 147513,,,,False,name 'pymultinest' is not defined
HD 147873,,,,False,name 'pymultinest' is not defined
HD 148156,,,,False,name 'pymultinest' is not defined
HD 148427,,,,False,name 'pymultinest' is not defined
HD 149026,,,,False,name 'pymultinest' is not defined
HD 149143,,,,False,name 'pymultinest' is not defined
HD 1502,,,,False,name 'pymultinest' is not defined
HD 150433,,,,False,name 'pymultinest' is not defined
HD 150706,,,,False,name 'pymultinest' is not defined
HD 152079,,,,False,name 'pymultinest' is not defined
HD 152581,,,,False,name 'pymultinest' is not defined
HD 153950,,,,False,name 'pymultinest' is not defined
HD 154088,,,,False,name 'pymultinest' is not defined
HD 154345,,,,False,name 'pymultinest' is not defined
HD 154672,,,,False,name 'pymultinest' is not defined
HD 154857,,,,False,name 'pymultinest' is not defined
HD 155233,,,,False,name 'pymultinest' is not defined
HD 155358,,,,False,name 'pymultinest' is not defined
HD 156279,,,,False,name 'pymultinest' is not defined
HD 156411,,,,False,name 'pymultinest' is not defined
HD 156668,,,,False,name 'pymultinest' is not defined
HD 157172,,,,False,name 'pymultinest' is not defined
HD 158038,,,,False,name 'pymultinest' is not defined
HD 159243,,,,False,name 'pymultinest' is not defined
HD 159868,,,,False,name 'pymultinest' is not defined
HD 1605,,,,False,name 'pymultinest' is not defined
HD 160508,,,,False,name 'pymultinest' is not defined
HD 16141 A,,,,False,name 'pymultinest' is not defined
HD 16175,,,,False,name 'pymultinest' is not defined
HD 162004,,,,False,name 'pymultinest' is not defined
HD 162020,,,,False,name 'pymultinest' is not defined
HD 163607,,,,False,name 'pymultinest' is not defined
HD 16417,,,,False,name 'pymultinest' is not defined
HD 164509,,,,False,name 'pymultinest' is not defined
HD 164595,,,,False,name 'pymultinest' is not defined
HD 164604,,,,False,name 'pymultinest' is not defined
HD 164922,,,,False,name 'pymultinest' is not defined
HD 165155,,,,False,name 'pymultinest' is not defined
HD 1666,,,,False,name 'pymultinest' is not defined
HD 166724,,,,False,name 'pymultinest' is not defined
HD 167042,,,,False,name 'pymultinest' is not defined
HD 168443,,,,False,name 'pymultinest' is not defined
HD 168746,,,,False,name 'pymultinest' is not defined
HD 1690,,,,False,name 'pymultinest' is not defined
HD 169830,,,,False,name 'pymultinest' is not defined
HD 170469,,,,False,name 'pymultinest' is not defined
HD 17092,,,,False,name 'pymultinest' is not defined
HD 171028,,,,False,name 'pymultinest' is not defined
HD 171238,,,,False,name 'pymultinest' is not defined
HD 17156,,,,False,name 'pymultinest' is not defined
HD 173416,,,,False,name 'pymultinest' is not defined
HD 175167,,,,False,name 'pymultinest' is not defined
HD 175370,,,,False,name 'pymultinest' is not defined
HD 175541,,,,False,name 'pymultinest' is not defined
HD 175607,,,,False,name 'pymultinest' is not defined
HD 176051,,,,False,name 'pymultinest' is not defined
HD 17674,,,,False,name 'pymultinest' is not defined
HD 177830 A,,,,False,name 'pymultinest' is not defined
HD 178911 B,,,,False,name 'pymultinest' is not defined
HD 179079,,,,False,name 'pymultinest' is not defined
HD 179949,,,,False,name 'pymultinest' is not defined
HD 180314,,,,False,name 'pymultinest' is not defined
HD 180902,,,,False,name 'pymultinest' is not defined
HD 181342,,,,False,name 'pymultinest' is not defined
HD 181433,,,,False,name 'pymultinest' is not defined
HD 181720,,,,False,name 'pymultinest' is not defined
HD 183263,,,,False,name 'pymultinest' is not defined
HD 185269 A,,,,False,name 'pymultinest' is not defined
HD 187085,,,,False,name 'pymultinest' is not defined
HD 187123,,,,False,name 'pymultinest' is not defined
HD 18742,,,,False,name 'pymultinest' is not defined
HD 188015,,,,False,name 'pymultinest' is not defined
HD 189567,,,,False,name 'pymultinest' is not defined
HD 189733,,,,False,name 'pymultinest' is not defined
HD 190228,,,,False,name 'pymultinest' is not defined
HD 190360,,,,False,name 'pymultinest' is not defined
HD 190647,,,,False,name 'pymultinest' is not defined
HD 190984,,,,False,name 'pymultinest' is not defined
HD 191806,,,,False,name 'pymultinest' is not defined
HD 192263,,,,False,name 'pymultinest' is not defined
HD 192699,,,,False,name 'pymultinest' is not defined
HD 195019,,,,False,name 'pymultinest' is not defined
HD 196050,,,,False,name 'pymultinest' is not defined
HD 196067,,,,False,name 'pymultinest' is not defined
HD 196885 A,,,,False,name 'pymultinest' is not defined
HD 197037 A,,,,False,name 'pymultinest' is not defined
HD 19994 A,,,,False,name 'pymultinest' is not defined
HD 20003,,,,False,name 'pymultinest' is not defined
HD 200964,,,,False,name 'pymultinest' is not defined
HD 202206 (AB),,,,False,name 'pymultinest' is not defined
HD 20367,,,,False,name 'pymultinest' is not defined
HD 2039,,,,False,name 'pymultinest' is not defined
HD 204313,,,,False,name 'pymultinest' is not defined
HD 204941,,,,False,name 'pymultinest' is not defined
HD 205739,,,,False,name 'pymultinest' is not defined
HD 206610,,,,False,name 'pymultinest' is not defined
HD 20781,,,,False,name 'pymultinest' is not defined
HD 20782,,,,False,name 'pymultinest' is not defined
HD 207832 A,,,,False,name 'pymultinest' is not defined
HD 20794,,,,False,name 'pymultinest' is not defined
HD 208487,,,,False,name 'pymultinest' is not defined
HD 208527,,,,False,name 'pymultinest' is not defined
HD 20868,,,,False,name 'pymultinest' is not defined
HD 209458,,,,False,name 'pymultinest' is not defined
HD 210277,,,,False,name 'pymultinest' is not defined
HD 210702,,,,False,name 'pymultinest' is not defined
HD 212301 A,,,,False,name 'pymultinest' is not defined
HD 212771,,,,False,name 'pymultinest' is not defined
HD 213240,,,,False,name 'pymultinest' is not defined
HD 214823,,,,False,name 'pymultinest' is not defined
HD 215152,,,,False,name 'pymultinest' is not defined
HD 215456,,,,False,name 'pymultinest' is not defined
HD 215497,,,,False,name 'pymultinest' is not defined
HD 216435,,,,False,name 'pymultinest' is not defined
HD 216437,,,,False,name 'pymultinest' is not defined
HD 216536,,,,False,name 'pymultinest' is not defined
HD 216770,,,,False,name 'pymultinest' is not defined
HD 21693,,,,False,name 'pymultinest' is not defined
HD 217107,,,,False,name 'pymultinest' is not defined
HD 217786 A,,,,False,name 'pymultinest' is not defined
HD 218566,,,,False,name 'pymultinest' is not defined
HD 219077,,,,False,name 'pymultinest' is not defined
HD 219134,,,,False,name 'pymultinest' is not defined
HD 219415,,,,False,name 'pymultinest' is not defined
HD 219828,,,,False,name 'pymultinest' is not defined
HD 220074,,,,False,name 'pymultinest' is not defined
HD 220689,,,,False,name 'pymultinest' is not defined
HD 220773,,,,False,name 'pymultinest' is not defined
HD 220842 A,,,,False,name 'pymultinest' is not defined
HD 221287,,,,False,name 'pymultinest' is not defined
HD 221585,,,,False,name 'pymultinest' is not defined
HD 222076,,,,False,name 'pymultinest' is not defined
HD 222155,,,,False,name 'pymultinest' is not defined
HD 222582,,,,False,name 'pymultinest' is not defined
HD 224538,,,,False,name 'pymultinest' is not defined
HD 224693,,,,False,name 'pymultinest' is not defined
HD 22781,,,,False,name 'pymultinest' is not defined
HD 23079,,,,False,name 'pymultinest' is not defined
HD 23127,,,,False,name 'pymultinest' is not defined
HD 231701,,,,False,name 'pymultinest' is not defined
HD 233604,,,,False,name 'pymultinest' is not defined
HD 23596,,,,False,name 'pymultinest' is not defined
HD 240210,,,,False,name 'pymultinest' is not defined
HD 240237,,,,False,name 'pymultinest' is not defined
HD 24040,,,,False,name 'pymultinest' is not defined
HD 25171,,,,False,name 'pymultinest' is not defined
HD 2638,,,,False,name 'pymultinest' is not defined
HD 27442,,,,False,name 'pymultinest' is not defined
HD 27631,,,,False,name 'pymultinest' is not defined
HD 27894,,,,False,name 'pymultinest' is not defined
HD 28185,,,,False,name 'pymultinest' is not defined
HD 28254 A,,,,False,name 'pymultinest' is not defined
HD 285507,,,,False,name 'pymultinest' is not defined
HD 28678,,,,False,name 'pymultinest' is not defined
HD 29021,,,,False,name 'pymultinest' is not defined
HD 290327,,,,False,name 'pymultinest' is not defined
HD 2952,,,,False,name 'pymultinest' is not defined
HD 30177,,,,False,name 'pymultinest' is not defined
HD 30562,,,,False,name 'pymultinest' is not defined
HD 30669,,,,False,name 'pymultinest' is not defined
HD 30856 A,,,,False,name 'pymultinest' is not defined
HD 31253,,,,False,name 'pymultinest' is not defined
HD 31527,,,,False,name 'pymultinest' is not defined
HD 3167,,,,False,name 'pymultinest' is not defined
HD 32518,,,,False,name 'pymultinest' is not defined
HD 32963,,,,False,name 'pymultinest' is not defined
HD 330075,,,,False,name 'pymultinest' is not defined
HD 33142,,,,False,name 'pymultinest' is not defined
HD 33283,,,,False,name 'pymultinest' is not defined
HD 33564,,,,False,name 'pymultinest' is not defined
HD 33844,,,,False,name 'pymultinest' is not defined
HD 34445,,,,False,name 'pymultinest' is not defined
HD 35759,,,,False,name 'pymultinest' is not defined
HD 3651,,,,False,name 'pymultinest' is not defined
HD 37124,,,,False,name 'pymultinest' is not defined
HD 37605,,,,False,name 'pymultinest' is not defined
HD 38283,,,,False,name 'pymultinest' is not defined
HD 38529,,,,False,name 'pymultinest' is not defined
HD 38801,,,,False,name 'pymultinest' is not defined
HD 38858,,,,False,name 'pymultinest' is not defined
pi Men,,,,False,name 'pymultinest' is not defined
HD 39194,,,,False,name 'pymultinest' is not defined
HD 39392,,,,False,name 'pymultinest' is not defined
HD 40307,,,,False,name 'pymultinest' is not defined
HD 40979,,,,False,name 'pymultinest' is not defined
HD 41004 A,,,,False,name 'pymultinest' is not defined
HD 4113 A,,,,False,name 'pymultinest' is not defined
HD 42012,,,,False,name 'pymultinest' is not defined
HD 4203,,,,False,name 'pymultinest' is not defined
HD 4208,,,,False,name 'pymultinest' is not defined
HD 42618,,,,False,name 'pymultinest' is not defined
HD 4308,,,,False,name 'pymultinest' is not defined
HD 4313,,,,False,name 'pymultinest' is not defined
HD 43197,,,,False,name 'pymultinest' is not defined
HD 43691 A,,,,False,name 'pymultinest' is not defined
HD 44219,,,,False,name 'pymultinest' is not defined
HD 45184,,,,False,name 'pymultinest' is not defined
HD 45350,,,,False,name 'pymultinest' is not defined
HD 45364,,,,False,name 'pymultinest' is not defined
HD 45652,,,,False,name 'pymultinest' is not defined
HD 46375 A,,,,False,name 'pymultinest' is not defined
HD 47186,,,,False,name 'pymultinest' is not defined
HD 47366,,,,False,name 'pymultinest' is not defined
HD 47536,,,,False,name 'pymultinest' is not defined
HD 48265,,,,False,name 'pymultinest' is not defined
HD 49674,,,,False,name 'pymultinest' is not defined
HD 50499,,,,False,name 'pymultinest' is not defined
HD 50554,,,,False,name 'pymultinest' is not defined
HD 51608,,,,False,name 'pymultinest' is not defined
HD 52265,,,,False,name 'pymultinest' is not defined
HD 5319,,,,False,name 'pymultinest' is not defined
HD 5583,,,,False,name 'pymultinest' is not defined
HD 5608,,,,False,name 'pymultinest' is not defined
HD 564,,,,False,name 'pymultinest' is not defined
HD 5891,,,,False,name 'pymultinest' is not defined
HD 59686 A,,,,False,name 'pymultinest' is not defined
HD 60532,,,,False,name 'pymultinest' is not defined
HD 62509,,,,False,name 'pymultinest' is not defined
HD 63454,,,,False,name 'pymultinest' is not defined
HD 63765,,,,False,name 'pymultinest' is not defined
HD 6434,,,,False,name 'pymultinest' is not defined
HD 65216 A,,,,False,name 'pymultinest' is not defined
HD 66141,,,,False,name 'pymultinest' is not defined
HD 66428,,,,False,name 'pymultinest' is not defined
HD 67087,,,,False,name 'pymultinest' is not defined
HD 6718,,,,False,name 'pymultinest' is not defined
HD 68402,,,,False,name 'pymultinest' is not defined
HD 68988,,,,False,name 'pymultinest' is not defined
HD 69830,,,,False,name 'pymultinest' is not defined
HD 70642,,,,False,name 'pymultinest' is not defined
HD 7199,,,,False,name 'pymultinest' is not defined
HD 72659,,,,False,name 'pymultinest' is not defined
HD 72892,,,,False,name 'pymultinest' is not defined
HD 73267,,,,False,name 'pymultinest' is not defined
HD 73526,,,,False,name 'pymultinest' is not defined
HD 73534,,,,False,name 'pymultinest' is not defined
HD 74156,,,,False,name 'pymultinest' is not defined
HD 7449 A,,,,False,name 'pymultinest' is not defined
HD 75289,,,,False,name 'pymultinest' is not defined
HD 75784,,,,False,name 'pymultinest' is not defined
HD 75898,,,,False,name 'pymultinest' is not defined
HD 76700,,,,False,name 'pymultinest' is not defined
HD 77338,,,,False,name 'pymultinest' is not defined
HD 7924,,,,False,name 'pymultinest' is not defined
HD 79498,,,,False,name 'pymultinest' is not defined
HD 80606,,,,False,name 'pymultinest' is not defined
HD 81040,,,,False,name 'pymultinest' is not defined
HD 81688,,,,False,name 'pymultinest' is not defined
HD 82886,,,,False,name 'pymultinest' is not defined
HD 82943,,,,False,name 'pymultinest' is not defined
HD 83443,,,,False,name 'pymultinest' is not defined
HD 8535,,,,False,name 'pymultinest' is not defined
HD 85390,,,,False,name 'pymultinest' is not defined
HD 8574,,,,False,name 'pymultinest' is not defined
HD 86081 A,,,,False,name 'pymultinest' is not defined
HD 86226,,,,False,name 'pymultinest' is not defined
HD 86264,,,,False,name 'pymultinest' is not defined
HD 8673 A,,,,False,name 'pymultinest' is not defined
HD 86950,,,,False,name 'pymultinest' is not defined
HD 87646 A,,,,False,name 'pymultinest' is not defined
HD 87883,,,,False,name 'pymultinest' is not defined
HD 88133,,,,False,name 'pymultinest' is not defined
HD 89307,,,,False,name 'pymultinest' is not defined
HD 89744,,,,False,name 'pymultinest' is not defined
HD 90156,,,,False,name 'pymultinest' is not defined
HD 9174,,,,False,name 'pymultinest' is not defined
HD 92788,,,,False,name 'pymultinest' is not defined
HD 93083,,,,False,name 'pymultinest' is not defined
HD 93385 A,,,,False,name 'pymultinest' is not defined
HD 9446,,,,False,name 'pymultinest' is not defined
HD 95089,,,,False,name 'pymultinest' is not defined
HD 9578,,,,False,name 'pymultinest' is not defined
HD 95872,,,,False,name 'pymultinest' is not defined
HD 96063,,,,False,name 'pymultinest' is not defined
HD 96127,,,,False,name 'pymultinest' is not defined
HD 96167,,,,False,name 'pymultinest' is not defined
HD 96700,,,,False,name 'pymultinest' is not defined
HD 97658,,,,False,name 'pymultinest' is not defined
HD 98219,,,,False,name 'pymultinest' is not defined
HD 98649,,,,False,name 'pymultinest' is not defined
HD 99109,,,,False,name 'pymultinest' is not defined
HD 99492,,,,False,name 'pymultinest' is not defined
HD 99706,,,,False,name 'pymultinest' is not defined
HIP 105854,,,,False,name 'pymultinest' is not defined
HIP 107773,,,,False,name 'pymultinest' is not defined
HIP 109384,,,,False,name 'pymultinest' is not defined
HIP 109600,,,,False,name 'pymultinest' is not defined
HIP 116454,,,,False,name 'pymultinest' is not defined
HIP 11915,,,,False,name 'pymultinest' is not defined
HIP 14810,,,,False,name 'pymultinest' is not defined
HIP 41378,,,,False,name 'pymultinest' is not defined
HIP 5158,,,,False,name 'pymultinest' is not defined
HIP 57274,,,,False,name 'pymultinest' is not defined
HIP 63242,,,,False,name 'pymultinest' is not defined
HIP 65407,,,,False,name 'pymultinest' is not defined
HIP 65891,,,,False,name 'pymultinest' is not defined
HIP 67537,,,,False,name 'pymultinest' is not defined
HIP 67851,,,,False,name 'pymultinest' is not defined
HIP 68468,,,,False,name 'pymultinest' is not defined
HIP 70849,,,,False,name 'pymultinest' is not defined
HIP 74890,,,,False,name 'pymultinest' is not defined
HIP 75458,,,,False,name 'pymultinest' is not defined
HIP 8541,,,,False,name 'pymultinest' is not defined
HIP 91258,,,,False,name 'pymultinest' is not defined
HIP 97233,,,,False,name 'pymultinest' is not defined
HD 4732 A,,,,False,name 'pymultinest' is not defined
HR 810,,,,False,name 'pymultinest' is not defined
K2-10,,,,False,name 'pymultinest' is not defined
K2-105,,,,False,name 'pymultinest' is not defined
K2-108,,,,False,name 'pymultinest' is not defined
K2-13,,,,False,name 'pymultinest' is not defined
K2-27,,,,False,name 'pymultinest' is not defined
K2-29,,,,False,name 'pymultinest' is not defined
K2-30,,,,False,name 'pymultinest' is not defined
K2-31,,,,False,name 'pymultinest' is not defined
K2-34,,,,False,name 'pymultinest' is not defined
K2-39,,,,False,name 'pymultinest' is not defined
K2-99,,,,False,name 'pymultinest' is not defined
kappa CrB,,,,False,name 'pymultinest' is not defined
KELT-10,,,,False,name 'pymultinest' is not defined
KELT-11,,,,False,name 'pymultinest' is not defined
KELT-12,,,,False,name 'pymultinest' is not defined
KELT-15,,,,False,name 'pymultinest' is not defined
KELT-16,,,,False,name 'pymultinest' is not defined
KELT-18,,,,False,name 'pymultinest' is not defined
KELT-2 A,,,,False,name 'pymultinest' is not defined
KELT-3,,,,False,name 'pymultinest' is not defined
KELT-4 A,,,,False,name 'pymultinest' is not defined
KELT-6,,,,False,name 'pymultinest' is not defined
KELT-8,,,,False,name 'pymultinest' is not defined
Kepler-10,,,,False,name 'pymultinest' is not defined
Kepler-111,,,,False,name 'pymultinest' is not defined
Kepler-1137,,,,False,name 'pymultinest' is not defined
Kepler-1513,,,,False,name 'pymultinest' is not defined
Kepler-1514,,,,False,name 'pymultinest' is not defined
Kepler-1515,,,,False,name 'pymultinest' is not defined
Kepler-1516,,,,False,name 'pymultinest' is not defined
Kepler-1542,,,,False,name 'pymultinest' is not defined
Kepler-1598,,,,False,name 'pymultinest' is not defined
Kepler-17,,,,False,name 'pymultinest' is not defined
Kepler-197,,,,False,name 'pymultinest' is not defined
Kepler-21,,,,False,name 'pymultinest' is not defined
Kepler-210,,,,False,name 'pymultinest' is not defined
Kepler-25,,,,False,name 'pymultinest' is not defined
Kepler-289,,,,False,name 'pymultinest' is not defined
Kepler-297,,,,False,name 'pymultinest' is not defined
Kepler-338,,,,False,name 'pymultinest' is not defined
Kepler-37,,,,False,name 'pymultinest' is not defined
Kepler-381,,,,False,name 'pymultinest' is not defined
Kepler-39,,,,False,name 'pymultinest' is not defined
Kepler-4,,,,False,name 'pymultinest' is not defined
Kepler-40,,,,False,name 'pymultinest' is not defined
Kepler-402,,,,False,name 'pymultinest' is not defined
Kepler-403,,,,False,name 'pymultinest' is not defined
Kepler-408,,,,False,name 'pymultinest' is not defined
Kepler-409,,,,False,name 'pymultinest' is not defined
Kepler-41,,,,False,name 'pymultinest' is not defined
Kepler-410 A,,,,False,name 'pymultinest' is not defined
Kepler-412,,,,False,name 'pymultinest' is not defined
Kepler-418,,,,False,name 'pymultinest' is not defined
Kepler-43,,,,False,name 'pymultinest' is not defined
Kepler-435,,,,False,name 'pymultinest' is not defined
Kepler-444,,,,False,name 'pymultinest' is not defined
Kepler-463,,,,False,name 'pymultinest' is not defined
Kepler-48,,,,False,name 'pymultinest' is not defined
Kepler-489,,,,False,name 'pymultinest' is not defined
Kepler-50,,,,False,name 'pymultinest' is not defined
Kepler-506,,,,False,name 'pymultinest' is not defined
Kepler-510,,,,False,name 'pymultinest' is not defined
Kepler-511,,,,False,name 'pymultinest' is not defined
Kepler-538,,,,False,name 'pymultinest' is not defined
Kepler-539,,,,False,name 'pymultinest' is not defined
Kepler-561,,,,False,name 'pymultinest' is not defined
Kepler-59,,,,False,name 'pymultinest' is not defined
Kepler-65,,,,False,name 'pymultinest' is not defined
Kepler-68,,,,False,name 'pymultinest' is not defined
Kepler-7,,,,False,name 'pymultinest' is not defined
Kepler-710,,,,False,name 'pymultinest' is not defined
Kepler-74,,,,False,name 'pymultinest' is not defined
Kepler-76,,,,False,name 'pymultinest' is not defined
Kepler-78,,,,False,name 'pymultinest' is not defined
Kepler-86,,,,False,name 'pymultinest' is not defined
Kepler-889,,,,False,name 'pymultinest' is not defined
Kepler-89,,,,False,name 'pymultinest' is not defined
KOI-351,,,,False,name 'pymultinest' is not defined
Kepler-902,,,,False,name 'pymultinest' is not defined
Kepler-91,,,,False,name 'pymultinest' is not defined
Kepler-93,,,,False,name 'pymultinest' is not defined
Kepler-96,,,,False,name 'pymultinest' is not defined
KOI-415,,,,False,name 'pymultinest' is not defined
ksi Aql,,,,False,name 'pymultinest' is not defined
mu Ara,,,,False,name 'pymultinest' is not defined
mu Leo,,,,False,name 'pymultinest' is not defined
NGC 2423 3,,,,False,name 'pymultinest' is not defined
nu Oph,,,,False,name 'pymultinest' is not defined
OGLE-TR-10,,,,False,name 'pymultinest' is not defined
OGLE-TR-111,,,,False,name 'pymultinest' is not defined
OGLE-TR-113,,,,False,name 'pymultinest' is not defined
OGLE-TR-211,,,,False,name 'pymultinest' is not defined
ome Ser,,,,False,name 'pymultinest' is not defined
omi CrB,,,,False,name 'pymultinest' is not defined
omi UMa A,,,,False,name 'pymultinest' is not defined
Pr 0201,,,,False,name 'pymultinest' is not defined
Pr 0211,,,,False,name 'pymultinest' is not defined
Qatar-2,,,,False,name 'pymultinest' is not defined
SAND 364,,,,False,name 'pymultinest' is not defined
tau Boo A,,,,False,name 'pymultinest' is not defined
tau Gem,,,,False,name 'pymultinest' is not defined
TrES-1,,,,False,name 'pymultinest' is not defined
TrES-2 A,,,,False,name 'pymultinest' is not defined
TrES-3,,,,False,name 'pymultinest' is not defined
TrES-4,,,,False,name 'pymultinest' is not defined
TYC 3667-1280-1,,,,False,name 'pymultinest' is not defined
TYC+1422-614-1,,,,False,name 'pymultinest' is not defined
ups And,,,,False,name 'pymultinest' is not defined
WASP-1,,,,False,name 'pymultinest' is not defined
WASP-10,,,,False,name 'pymultinest' is not defined
WASP-100,,,,False,name 'pymultinest' is not defined
WASP-101,,,,False,name 'pymultinest' is not defined
WASP-102,,,,False,name 'pymultinest' is not defined
WASP-103,,,,False,name 'pymultinest' is not defined
WASP-104,,,,False,name 'pymultinest' is not defined
WASP-105,,,,False,name 'pymultinest' is not defined
WASP-106,,,,False,name 'pymultinest' is not defined
WASP-107,,,,False,name 'pymultinest' is not defined
WASP-108,,,,False,name 'pymultinest' is not defined
WASP-109,,,,False,name 'pymultinest' is not defined
HAT-P-10 A,,,,False,name 'pymultinest' is not defined
WASP-110,,,,False,name 'pymultinest' is not defined
WASP-111,,,,False,name 'pymultinest' is not defined
WASP-112,,,,False,name 'pymultinest' is not defined
WASP-113,,,,False,name 'pymultinest' is not defined
WASP-114,,,,False,name 'pymultinest' is not defined
WASP-117,,,,False,name 'pymultinest' is not defined
WASP-118,,,,False,name 'pymultinest' is not defined
WASP-119,,,,False,name 'pymultinest' is not defined
WASP-12,,,,False,name 'pymultinest' is not defined
WASP-120,,,,False,name 'pymultinest' is not defined
WASP-121,,,,False,name 'pymultinest' is not defined
WASP-122,,,,False,name 'pymultinest' is not defined
WASP-123,,,,False,name 'pymultinest' is not defined
WASP-124,,,,False,name 'pymultinest' is not defined
WASP-126,,,,False,name 'pymultinest' is not defined
WASP-127,,,,False,name 'pymultinest' is not defined
WASP-129,,,,False,name 'pymultinest' is not defined
WASP-13,,,,False,name 'pymultinest' is not defined
WASP-130,,,,False,name 'pymultinest' is not defined
WASP-131,,,,False,name 'pymultinest' is not defined
WASP-132,,,,False,name 'pymultinest' is not defined
WASP-133,,,,False,name 'pymultinest' is not defined
WASP-135,,,,False,name 'pymultinest' is not defined
WASP-136,,,,False,name 'pymultinest' is not defined
WASP-138,,,,False,name 'pymultinest' is not defined
WASP-139,,,,False,name 'pymultinest' is not defined
WASP-14,,,,False,name 'pymultinest' is not defined
WASP-140,,,,False,name 'pymultinest' is not defined
WASP-141,,,,False,name 'pymultinest' is not defined
WASP-15,,,,False,name 'pymultinest' is not defined
WASP-157,,,,False,name 'pymultinest' is not defined
WASP-16,,,,False,name 'pymultinest' is not defined
WASP-17,,,,False,name 'pymultinest' is not defined
WASP-18,,,,False,name 'pymultinest' is not defined
WASP-19,,,,False,name 'pymultinest' is not defined
WASP-2 A,,,,False,name 'pymultinest' is not defined
WASP-21,,,,False,name 'pymultinest' is not defined
WASP-22,,,,False,name 'pymultinest' is not defined
WASP-23,,,,False,name 'pymultinest' is not defined
WASP-24,,,,False,name 'pymultinest' is not defined
WASP-25,,,,False,name 'pymultinest' is not defined
WASP-26,,,,False,name 'pymultinest' is not defined
WASP-28,,,,False,name 'pymultinest' is not defined
WASP-29,,,,False,name 'pymultinest' is not defined
WASP-3,,,,False,name 'pymultinest' is not defined
WASP-31,,,,False,name 'pymultinest' is not defined
WASP-32,,,,False,name 'pymultinest' is not defined
WASP-34,,,,False,name 'pymultinest' is not defined
WASP-35,,,,False,name 'pymultinest' is not defined
WASP-36,,,,False,name 'pymultinest' is not defined
WASP-37,,,,False,name 'pymultinest' is not defined
WASP-38,,,,False,name 'pymultinest' is not defined
WASP-39,,,,False,name 'pymultinest' is not defined
WASP-4,,,,False,name 'pymultinest' is not defined
WASP-41,,,,False,name 'pymultinest' is not defined
WASP-42,,,,False,name 'pymultinest' is not defined
WASP-43,,,,False,name 'pymultinest' is not defined
WASP-44,,,,False,name 'pymultinest' is not defined
WASP-45,,,,False,name 'pymultinest' is not defined
WASP-46,,,,False,name 'pymultinest' is not defined
WASP-47,,,,False,name 'pymultinest' is not defined
WASP-48,,,,False,name 'pymultinest' is not defined
WASP-49 A,,,,False,name 'pymultinest' is not defined
WASP-5,,,,False,name 'pymultinest' is not defined
WASP-50,,,,False,name 'pymultinest' is not defined
WASP-52,,,,False,name 'pymultinest' is not defined
WASP-53,,,,False,name 'pymultinest' is not defined
WASP-54,,,,False,name 'pymultinest' is not defined
WASP-55,,,,False,name 'pymultinest' is not defined
WASP-56,,,,False,name 'pymultinest' is not defined
WASP-57,,,,False,name 'pymultinest' is not defined
WASP-58,,,,False,name 'pymultinest' is not defined
WASP-59,,,,False,name 'pymultinest' is not defined
WASP-6,,,,False,name 'pymultinest' is not defined
WASP-60,,,,False,name 'pymultinest' is not defined
WASP-61,,,,False,name 'pymultinest' is not defined
WASP-62,,,,False,name 'pymultinest' is not defined
WASP-63,,,,False,name 'pymultinest' is not defined
WASP-64,,,,False,name 'pymultinest' is not defined
WASP-65,,,,False,name 'pymultinest' is not defined
WASP-66,,,,False,name 'pymultinest' is not defined
WASP-67,,,,False,name 'pymultinest' is not defined
WASP-68,,,,False,name 'pymultinest' is not defined
WASP-69,,,,False,name 'pymultinest' is not defined
WASP-7,,,,False,name 'pymultinest' is not defined
WASP-70 A,,,,False,name 'pymultinest' is not defined
WASP-71,,,,False,name 'pymultinest' is not defined
WASP-72,,,,False,name 'pymultinest' is not defined
WASP-73,,,,False,name 'pymultinest' is not defined
WASP-74,,,,False,name 'pymultinest' is not defined
WASP-75,,,,False,name 'pymultinest' is not defined
WASP-76,,,,False,name 'pymultinest' is not defined
WASP-77 A,,,,False,name 'pymultinest' is not defined
WASP-78,,,,False,name 'pymultinest' is not defined
WASP-79,,,,False,name 'pymultinest' is not defined
WASP-8,,,,False,name 'pymultinest' is not defined
WASP-81,,,,False,name 'pymultinest' is not defined
WASP-82,,,,False,name 'pymultinest' is not defined
WASP-83,,,,False,name 'pymultinest' is not defined
WASP-84,,,,False,name 'pymultinest' is not defined
WASP-85 A,,,,False,name 'pymultinest' is not defined
WASP-87 A,,,,False,name 'pymultinest' is not defined
WASP-88,,,,False,name 'pymultinest' is not defined
WASP-90,,,,False,name 'pymultinest' is not defined
WASP-91,,,,False,name 'pymultinest' is not defined
WASP-92,,,,False,name 'pymultinest' is not defined
WASP-94 A,,,,False,name 'pymultinest' is not defined
WASP-94 B,,,,False,name 'pymultinest' is not defined
WASP-95,,,,False,name 'pymultinest' is not defined
WASP-96,,,,False,name 'pymultinest' is not defined
WASP-97,,,,False,name 'pymultinest' is not defined
WASP-99,,,,False,name 'pymultinest' is not defined
XO-1,,,,False,name 'pymultinest' is not defined
XO-2N,,,,False,name 'pymultinest' is not defined
XO-2S,,,,False,name 'pymultinest' is not defined
XO-3,,,,False,name 'pymultinest' is not defined
XO-4,,,,False,name 'pymultinest' is not defined
YBP1194,,,,False,name 'pymultinest' is not defined
YBP1514,,,,False,name 'pymultinest' is not defined
YBP401,,,,False,name 'pymultinest' is not defined
K2-111,,,,False,name 'pymultinest' is not defined
K2-140,,,,False,name 'pymultinest' is not defined
K2-66,,,,False,name 'pymultinest' is not defined
TYC 4282-605-1,,,,False,name 'pymultinest' is not defined
CoRoT-32,,,,False,name 'pymultinest' is not defined
K2-132,,,,False,name 'pymultinest' is not defined
GJ 9827,,,,False,name 'pymultinest' is not defined
HD 208897,,,,False,name 'pymultinest' is not defined
tau Cet,,,,False,name 'pymultinest' is not defined
K2-110,,,,False,name 'pymultinest' is not defined
K2-141,,,,False,name 'pymultinest' is not defined
HD 111591,,,,False,name 'pymultinest' is not defined
HD 40956,,,,False,name 'pymultinest' is not defined
HD 76920,,,,False,name 'pymultinest' is not defined
WASP-151,,,,False,name 'pymultinest' is not defined
WASP-153,,,,False,name 'pymultinest' is not defined
WASP-156,,,,False,name 'pymultinest' is not defined
HD 176986,,,,False,name 'pymultinest' is not defined
Qatar-6 A,,,,False,name 'pymultinest' is not defined
HATS-51,,,,False,name 'pymultinest' is not defined
K2-136,,,,False,name 'pymultinest' is not defined
HD 238914,,,,False,name 'pymultinest' is not defined
TYC 3318-01333-1,,,,False,name 'pymultinest' is not defined
K2-138,,,,False,name 'pymultinest' is not defined
K2-233,,,,False,name 'pymultinest' is not defined
K2-232,,,,False,name 'pymultinest' is not defined
HD 89345,,,,False,name 'pymultinest' is not defined
WASP-174,,,,False,name 'pymultinest' is not defined
eps Ind A,,,,False,name 'pymultinest' is not defined
24 Boo,,,,False,name 'pymultinest' is not defined
KPS-1,,,,False,name 'pymultinest' is not defined
gamma Lib,,,,False,name 'pymultinest' is not defined
EPIC 211945201,,,,False,name 'pymultinest' is not defined
K2-216,,,,False,name 'pymultinest' is not defined
WASP-145 A,,,,False,name 'pymultinest' is not defined
WASP-168,,,,False,name 'pymultinest' is not defined
KELT-22A,,,,False,name 'pymultinest' is not defined
K2-261,,,,False,name 'pymultinest' is not defined
HD 283869,,,,False,name 'pymultinest' is not defined
NGTS-2,,,,False,name 'pymultinest' is not defined
Wolf 503,,,,False,name 'pymultinest' is not defined
IC 4651 9122,,,,False,name 'pymultinest' is not defined
K2-237,,,,False,name 'pymultinest' is not defined
WASP-161,,,,False,name 'pymultinest' is not defined
K2-285,,,,False,name 'pymultinest' is not defined
HD 97619,,,,False,name 'pymultinest' is not defined
HD 118904,,,,False,name 'pymultinest' is not defined
HD 202432,,,,False,name 'pymultinest' is not defined
HD 148164,,,,False,name 'pymultinest' is not defined
HD 211810,,,,False,name 'pymultinest' is not defined
HD 55696,,,,False,name 'pymultinest' is not defined
HD 98736,,,,False,name 'pymultinest' is not defined
K2-263 ,,,,False,name 'pymultinest' is not defined
K2-265,,,,False,name 'pymultinest' is not defined
NGTS-4,,,,False,name 'pymultinest' is not defined
HATS-61,,,,False,name 'pymultinest' is not defined
HATS-62,,,,False,name 'pymultinest' is not defined
HATS-63,,,,False,name 'pymultinest' is not defined
HATS-66,,,,False,name 'pymultinest' is not defined
HATS-68,,,,False,name 'pymultinest' is not defined
HD 202772 A,,,,False,name 'pymultinest' is not defined
K2-180,,,,False,name 'pymultinest' is not defined
HD 1397,,,,False,name 'pymultinest' is not defined
Kepler-1655,,,,False,name 'pymultinest' is not defined
HD 137510,,,,False,name 'pymultinest' is not defined
HD 220197,,,,False,name 'pymultinest' is not defined
HD 2685,,,,False,name 'pymultinest' is not defined
K2-229,,,,False,name 'pymultinest' is not defined
Kepler-407,,,,False,name 'pymultinest' is not defined
WASP-166,,,,False,name 'pymultinest' is not defined
GJ 143,,,,False,name 'pymultinest' is not defined
HATS-56,,,,False,name 'pymultinest' is not defined
HATS-58A,,,,False,name 'pymultinest' is not defined
K2-292,,,,False,name 'pymultinest' is not defined
K2-291,,,,False,name 'pymultinest' is not defined
K2-290,,,,False,name 'pymultinest' is not defined
HD 125390,,,,False,name 'pymultinest' is not defined
HD 13167,,,,False,name 'pymultinest' is not defined
HD 14787,,,,False,name 'pymultinest' is not defined
HD 180053,,,,False,name 'pymultinest' is not defined
HD 18015,,,,False,name 'pymultinest' is not defined
HD 202696,,,,False,name 'pymultinest' is not defined
HD 219666,,,,False,name 'pymultinest' is not defined
HD 23472,,,,False,name 'pymultinest' is not defined
HD 4917,,,,False,name 'pymultinest' is not defined
HD 72490,,,,False,name 'pymultinest' is not defined
HD 94834,,,,False,name 'pymultinest' is not defined
K2-174,,,,False,name 'pymultinest' is not defined
TOI-125,,,,False,name 'pymultinest' is not defined
TOI-172,,,,False,name 'pymultinest' is not defined
WASP-134,,,,False,name 'pymultinest' is not defined
WASP-137,,,,False,name 'pymultinest' is not defined
K2-287,,,,False,name 'pymultinest' is not defined
MARVELS-10,,,,False,name 'pymultinest' is not defined
MARVELS-11,,,,False,name 'pymultinest' is not defined
MARVELS-16,,,,False,name 'pymultinest' is not defined
MARVELS-17,,,,False,name 'pymultinest' is not defined
MARVELS-8,,,,False,name 'pymultinest' is not defined
TOI-216,,,,False,name 'pymultinest' is not defined
EPIC 212036875,,,,False,name 'pymultinest' is not defined
TOI-150,,,,False,name 'pymultinest' is not defined
TOI-402,,,,False,name 'pymultinest' is not defined
WASP-181,,,,False,name 'pymultinest' is not defined
DS Tuc A,,,,False,name 'pymultinest' is not defined
HD 13724,,,,False,name 'pymultinest' is not defined
HD 181234,,,,False,name 'pymultinest' is not defined
HD 213885,,,,False,name 'pymultinest' is not defined
HD 25015,,,,False,name 'pymultinest' is not defined
Qatar-8,,,,False,name 'pymultinest' is not defined
HD 102843,,,,False,name 'pymultinest' is not defined
HD 103949,,,,False,name 'pymultinest' is not defined
HD 206255,,,,False,name 'pymultinest' is not defined
HD 210193,,,,False,name 'pymultinest' is not defined
HD 21411,,,,False,name 'pymultinest' is not defined
HD 221420,,,,False,name 'pymultinest' is not defined
HD 24085,,,,False,name 'pymultinest' is not defined
HIP 35173,,,,False,name 'pymultinest' is not defined
HD 39855,,,,False,name 'pymultinest' is not defined
HD 64114,,,,False,name 'pymultinest' is not defined
HD 8326,,,,False,name 'pymultinest' is not defined
HR 858,,,,False,name 'pymultinest' is not defined
WASP-182,,,,False,name 'pymultinest' is not defined
TOI-163,,,,False,name 'pymultinest' is not defined
HR 5183,,,,False,name 'pymultinest' is not defined
KELT-23A,,,,False,name 'pymultinest' is not defined
NGTS-10,,,,False,name 'pymultinest' is not defined
TOI-813,,,,False,name 'pymultinest' is not defined
HD 11231,,,,False,name 'pymultinest' is not defined
HD 38677,,,,False,name 'pymultinest' is not defined
HD 42936,,,,False,name 'pymultinest' is not defined
NGTS-8,,,,False,name 'pymultinest' is not defined
TOI-132,,,,False,name 'pymultinest' is not defined
TOI-1338,,,,False,name 'pymultinest' is not defined
TOI-564,,,,False,name 'pymultinest' is not defined
TOI-677,,,,False,name 'pymultinest' is not defined
TOI-905,,,,False,name 'pymultinest' is not defined
WASP-185,,,,False,name 'pymultinest' is not defined
XO-7,,,,False,name 'pymultinest' is not defined
HD 80653,,,,False,name 'pymultinest' is not defined
BD+48 740,,,,False,name 'pymultinest' is not defined
HD 156846,,,,False,name 'pymultinest' is not defined
HD 177565,,,,False,name 'pymultinest' is not defined
HD 221416,,,,False,name 'pymultinest' is not defined
HD 70573,,,,False,name 'pymultinest' is not defined
K2-116,,,,False,name 'pymultinest' is not defined
K2-121,,,,False,name 'pymultinest' is not defined
K2-126,,,,False,name 'pymultinest' is not defined
K2-131,,,,False,name 'pymultinest' is not defined
K2-158,,,,False,name 'pymultinest' is not defined
K2-159,,,,False,name 'pymultinest' is not defined
K2-160,,,,False,name 'pymultinest' is not defined
K2-161,,,,False,name 'pymultinest' is not defined
K2-164,,,,False,name 'pymultinest' is not defined
K2-165,,,,False,name 'pymultinest' is not defined
K2-167,,,,False,name 'pymultinest' is not defined
K2-168,,,,False,name 'pymultinest' is not defined
K2-173,,,,False,name 'pymultinest' is not defined
K2-175,,,,False,name 'pymultinest' is not defined
K2-176,,,,False,name 'pymultinest' is not defined
K2-179,,,,False,name 'pymultinest' is not defined
K2-182,,,,False,name 'pymultinest' is not defined
K2-184,,,,False,name 'pymultinest' is not defined
K2-188,,,,False,name 'pymultinest' is not defined
K2-189,,,,False,name 'pymultinest' is not defined
K2-190,,,,False,name 'pymultinest' is not defined
K2-197,,,,False,name 'pymultinest' is not defined
K2-198,,,,False,name 'pymultinest' is not defined
K2-199,,,,False,name 'pymultinest' is not defined
K2-201,,,,False,name 'pymultinest' is not defined
K2-209,,,,False,name 'pymultinest' is not defined
K2-210,,,,False,name 'pymultinest' is not defined
K2-214,,,,False,name 'pymultinest' is not defined
K2-220,,,,False,name 'pymultinest' is not defined
K2-222,,,,False,name 'pymultinest' is not defined
K2-223,,,,False,name 'pymultinest' is not defined
K2-225,,,,False,name 'pymultinest' is not defined
K2-241,,,,False,name 'pymultinest' is not defined
K2-244,,,,False,name 'pymultinest' is not defined
K2-269,,,,False,name 'pymultinest' is not defined
K2-274,,,,False,name 'pymultinest' is not defined
K2-277,,,,False,name 'pymultinest' is not defined
K2-279,,,,False,name 'pymultinest' is not defined
K2-280,,,,False,name 'pymultinest' is not defined
K2-58,,,,False,name 'pymultinest' is not defined
K2-65,,,,False,name 'pymultinest' is not defined
K2-73,,,,False,name 'pymultinest' is not defined
K2-79,,,,False,name 'pymultinest' is not defined
K2-86,,,,False,name 'pymultinest' is not defined
KOI-142,,,,False,name 'pymultinest' is not defined
KOI-3680,,,,False,name 'pymultinest' is not defined
Kepler-97,,,,False,name 'pymultinest' is not defined
WASP-190,,,,False,name 'pymultinest' is not defined
HD 233832,,,,False,name 'pymultinest' is not defined
EPIC 249893012,,,,False,name 'pymultinest' is not defined
HATS-72,,,,False,name 'pymultinest' is not defined
HD 191939,,,,False,name 'pymultinest' is not defined
TOI-732,,,,False,name 'pymultinest' is not defined
TOI-257,,,,False,name 'pymultinest' is not defined
HD 332231,,,,False,name 'pymultinest' is not defined
HD 95338,,,,False,name 'pymultinest' is not defined
HIP 65A,,,,False,name 'pymultinest' is not defined
TOI-1130,,,,False,name 'pymultinest' is not defined
HD 63433,,,,False,name 'pymultinest' is not defined
HD 108236,,,,False,name 'pymultinest' is not defined
TOI-421,,,,False,name 'pymultinest' is not defined
WASP-148,,,,False,name 'pymultinest' is not defined
WASP-150,,,,False,name 'pymultinest' is not defined
3 Cnc,,,,False,name 'pymultinest' is not defined
HAT-P-59,,,,False,name 'pymultinest' is not defined
HAT-P-60,,,,False,name 'pymultinest' is not defined
HATS-37A,,,,False,name 'pymultinest' is not defined
HD 25723,,,,False,name 'pymultinest' is not defined
LTT 9779,,,,False,name 'pymultinest' is not defined
TIC 237913194,,,,False,name 'pymultinest' is not defined
TOI-481,,,,False,name 'pymultinest' is not defined
TOI-561,,,,False,name 'pymultinest' is not defined
TOI-763,,,,False,name 'pymultinest' is not defined
TOI-811,,,,False,name 'pymultinest' is not defined
TOI-824,,,,False,name 'pymultinest' is not defined
TOI-892,,,,False,name 'pymultinest' is not defined
TOI-954,,,,False,name 'pymultinest' is not defined
WASP-186,,,,False,name 'pymultinest' is not defined
WASP-187,,,,False,name 'pymultinest' is not defined
K2-319,,,,False,name 'pymultinest' is not defined
HD 110113,,,,False,name 'pymultinest' is not defined
HD 5278,,,,False,name 'pymultinest' is not defined
HIP 114933,,,,False,name 'pymultinest' is not defined
HIP 56640,,,,False,name 'pymultinest' is not defined
HIP 75092,,,,False,name 'pymultinest' is not defined
HIP 90988,,,,False,name 'pymultinest' is not defined
TOI-1478,,,,False,name 'pymultinest' is not defined
TOI-178,,,,False,name 'pymultinest' is not defined
TOI-201,,,,False,name 'pymultinest' is not defined
TOI-251,,,,False,name 'pymultinest' is not defined
TOI-451,,,,False,name 'pymultinest' is not defined
TOI-558,,,,False,name 'pymultinest' is not defined
TOI-559,,,,False,name 'pymultinest' is not defined
TOI-628,,,,False,name 'pymultinest' is not defined
TOI-640,,,,False,name 'pymultinest' is not defined
HD 183579,,,,False,name 'pymultinest' is not defined
HD 190007,,,,False,name 'pymultinest' is not defined
HD 216520,,,,False,name 'pymultinest' is not defined
HD 96992,,,,False,name 'pymultinest' is not defined
TYC 0434-04538-1,,,,False,name 'pymultinest' is not defined
BD+45 564,,,,False,name 'pymultinest' is not defined
BD+55 362,,,,False,name 'pymultinest' is not defined
BD+63 1405,,,,False,name 'pymultinest' is not defined
BD-00 4475,,,,False,name 'pymultinest' is not defined
HD 103891,,,,False,name 'pymultinest' is not defined
HD 105779,,,,False,name 'pymultinest' is not defined
HD 109286,,,,False,name 'pymultinest' is not defined
HD 115954,,,,False,name 'pymultinest' is not defined
HD 124330,,,,False,name 'pymultinest' is not defined
HD 136925,,,,False,name 'pymultinest' is not defined
HD 137496,,,,False,name 'pymultinest' is not defined
HD 152843,,,,False,name 'pymultinest' is not defined
HD 155193,,,,False,name 'pymultinest' is not defined
HD 207897,,,,False,name 'pymultinest' is not defined
HD 219139,,,,False,name 'pymultinest' is not defined
HD 22496,,,,False,name 'pymultinest' is not defined
HD 22532,,,,False,name 'pymultinest' is not defined
HD 27969,,,,False,name 'pymultinest' is not defined
HD 29399,,,,False,name 'pymultinest' is not defined
HD 331093,,,,False,name 'pymultinest' is not defined
HD 360,,,,False,name 'pymultinest' is not defined
HD 63935,,,,False,name 'pymultinest' is not defined
HD 64121,,,,False,name 'pymultinest' is not defined
HD 69123,,,,False,name 'pymultinest' is not defined
HD 73583,,,,False,name 'pymultinest' is not defined
HD 79181,,,,False,name 'pymultinest' is not defined
HD 80869,,,,False,name 'pymultinest' is not defined
HD 91669,,,,False,name 'pymultinest' is not defined
HD 95544,,,,False,name 'pymultinest' is not defined
HIP 77257,,,,False,name 'pymultinest' is not defined
TOI-1062,,,,False,name 'pymultinest' is not defined
TOI-1064,,,,False,name 'pymultinest' is not defined
TOI-1296,,,,False,name 'pymultinest' is not defined
TOI-1298,,,,False,name 'pymultinest' is not defined
TOI-1670,,,,False,name 'pymultinest' is not defined
TOI-1789,,,,False,name 'pymultinest' is not defined
TOI-1842,,,,False,name 'pymultinest' is not defined
TOI-220,,,,False,name 'pymultinest' is not defined
TOI-2669,,,,False,name 'pymultinest' is not defined
TOI-431,,,,False,name 'pymultinest' is not defined
TOI-500,,,,False,name 'pymultinest' is not defined
TOI-544,,,,False,name 'pymultinest' is not defined
TOI-712,,,,False,name 'pymultinest' is not defined
gam Psc,,,,False,name 'pymultinest' is not defined
ups Leo,,,,False,name 'pymultinest' is not defined
EPIC 201595106,,,,False,name 'pymultinest' is not defined
HD 3765,,,,False,name 'pymultinest' is not defined
K2-330,,,,False,name 'pymultinest' is not defined
K2-334,,,,False,name 'pymultinest' is not defined
K2-342,,,,False,name 'pymultinest' is not defined
K2-346,,,,False,name 'pymultinest' is not defined
K2-352,,,,False,name 'pymultinest' is not defined
Kepler-1869,,,,False,name 'pymultinest' is not defined
GJ 2030,,,,False,name 'pymultinest' is not defined
HD 28109,,,,False,name 'pymultinest' is not defined
HD 93963 A,,,,False,name 'pymultinest' is not defined
HIP 94235,,,,False,name 'pymultinest' is not defined
NGTS-20,,,,False,name 'pymultinest' is not defined
TOI-1107,,,,False,name 'pymultinest' is not defined
TOI-1246,,,,False,name 'pymultinest' is not defined
TOI-1683,,,,False,name 'pymultinest' is not defined
TOI-1710,,,,False,name 'pymultinest' is not defined
TOI-1820,,,,False,name 'pymultinest' is not defined
TOI-2158,,,,False,name 'pymultinest' is not defined
TOI-2196,,,,False,name 'pymultinest' is not defined
TOI-2207,,,,False,name 'pymultinest' is not defined
TOI-2236,,,,False,name 'pymultinest' is not defined
TOI-2421,,,,False,name 'pymultinest' is not defined
TOI-5153,,,,False,name 'pymultinest' is not defined
TOI-836,,,,False,name 'pymultinest' is not defined
K2-365,,,,False,name 'pymultinest' is not defined
K2-369,,,,False,name 'pymultinest' is not defined
K2-370,,,,False,name 'pymultinest' is not defined
K2-373,,,,False,name 'pymultinest' is not defined
K2-376,,,,False,name 'pymultinest' is not defined
K2-380,,,,False,name 'pymultinest' is not defined
K2-389,,,,False,name 'pymultinest' is not defined
K2-397,,,,False,name 'pymultinest' is not defined
K2-406,,,,False,name 'pymultinest' is not defined
K2-407,,,,False,name 'pymultinest' is not defined
HD 207496,,,,False,name 'pymultinest' is not defined
HD 22946,,,,False,name 'pymultinest' is not defined
HIP 1481,,,,False,name 'pymultinest' is not defined
HIP 96334,,,,False,name 'pymultinest' is not defined
TOI-1097,,,,False,name 'pymultinest' is not defined
TOI-179,,,,False,name 'pymultinest' is not defined
TOI-181,,,,False,name 'pymultinest' is not defined
TOI-2000,,,,False,name 'pymultinest' is not defined
TOI-2194,,,,False,name 'pymultinest' is not defined
TOI-2545,,,,False,name 'pymultinest' is not defined
TOI-913,,,,False,name 'pymultinest' is not defined
TOI-969,,,,False,name 'pymultinest' is not defined
WASP-30,,,,False,name 'pymultinest' is not defined
GJ 3222,,,,False,name 'pymultinest' is not defined
GJ 9714,,,,False,name 'pymultinest' is not defined
HD 109988,,,,False,name 'pymultinest' is not defined
HD 110537,,,,False,name 'pymultinest' is not defined
HD 11505,,,,False,name 'pymultinest' is not defined
HD 115404 A,,,,False,name 'pymultinest' is not defined
HD 12235,,,,False,name 'pymultinest' is not defined
HD 125271,,,,False,name 'pymultinest' is not defined
HD 144899,,,,False,name 'pymultinest' is not defined
HD 155918,,,,False,name 'pymultinest' is not defined
HD 156098,,,,False,name 'pymultinest' is not defined
HD 168863,,,,False,name 'pymultinest' is not defined
HD 16905,,,,False,name 'pymultinest' is not defined
HD 188641,,,,False,name 'pymultinest' is not defined
HD 194490,,,,False,name 'pymultinest' is not defined
HD 199509,,,,False,name 'pymultinest' is not defined
HD 217958,,,,False,name 'pymultinest' is not defined
HD 25912,,,,False,name 'pymultinest' is not defined
HD 28192,,,,False,name 'pymultinest' is not defined
HD 29985,,,,False,name 'pymultinest' is not defined
HD 457,,,,False,name 'pymultinest' is not defined
HD 56957,,,,False,name 'pymultinest' is not defined
HD 62364,,,,False,name 'pymultinest' is not defined
HD 80883,,,,False,name 'pymultinest' is not defined
HD 86065,,,,False,name 'pymultinest' is not defined
HD 88072,,,,False,name 'pymultinest' is not defined
HD 93351,,,,False,name 'pymultinest' is not defined
HD 97037,,,,False,name 'pymultinest' is not defined
HIP 35965,,,,False,name 'pymultinest' is not defined
HIP 948,,,,False,name 'pymultinest' is not defined
TOI-469,,,,False,name 'pymultinest' is not defined
HD 140901,,,,False,name 'pymultinest' is not defined
HD 165131,,,,False,name 'pymultinest' is not defined
HD 167677,,,,False,name 'pymultinest' is not defined
HD 190622,,,,False,name 'pymultinest' is not defined
HD 73256,,,,False,name 'pymultinest' is not defined
HD 74698,,,,False,name 'pymultinest' is not defined
HD 89839,,,,False,name 'pymultinest' is not defined
HD 94771,,,,False,name 'pymultinest' is not defined
HIP 54597,,,,False,name 'pymultinest' is not defined
TOI-1052,,,,False,name 'pymultinest' is not defined
TOI-139,,,,False,name 'pymultinest' is not defined
TOI-2498,,,,False,name 'pymultinest' is not defined
TOI-2589,,,,False,name 'pymultinest' is not defined
TOI-2641,,,,False,name 'pymultinest' is not defined
TOI-332,,,,False,name 'pymultinest' is not defined
TOI-4406,,,,False,name 'pymultinest' is not defined
TOI-444 A,,,,False,name 'pymultinest' is not defined
TOI-5678,,,,False,name 'pymultinest' is not defined
TOI-622,,,,False,name 'pymultinest' is not defined
TOI-733,,,,False,name 'pymultinest' is not defined
TOI-908,,,,False,name 'pymultinest' is not defined
HD 15906,,,,False,name 'pymultinest' is not defined
TIC 279401253,,,,False,name 'pymultinest' is not defined
TIC 257060897,,,,False,name 'pymultinest' is not defined
TOI-554,,,,False,name 'pymultinest' is not defined
HD 21520,,,,False,name 'pymultinest' is not defined
HD 35843,,,,False,name 'pymultinest' is not defined
TOI-1117,,,,False,name 'pymultinest' is not defined
TOI-2969,,,,False,name 'pymultinest' is not defined
TOI-2989,,,,False,name 'pymultinest' is not defined
TOI-5110,,,,False,name 'pymultinest' is not defined
TOI-512,,,,False,name 'pymultinest' is not defined
TOI-5300,,,,False,name 'pymultinest' is not defined
TOI-2322,,,,False,name 'pymultinest' is not defined
